lfdn;tag;sourceId;targetId
35;Less time left for RE;0;157
35;Conflicts within the team;13;132
35;Need for support by a more experienced developer;1;162
35;Need for support by a more experienced developer;7;162
41;Unexpected non-functional requirements;14;175
41;Missing functionality of product;10;159
41;Difficulties in project management;12;141
41;Time overrun;13;174
41;Inefficient development;8;153
58;Information gets lost;1;154
58;Information gets lost;0;154
58;Information gets lost;4;154
58;Incomplete requirements;18;144
58;Weak knowledge transfer;17;178
76;Decreased manageability;10;136
76;Project scope becomes unclear;9;169
76;Conflicts within the team;13;132
81;Poor communication;12;165
81;Untestable requirements;11;176
81;Increased difficulty of requirements elicitation;17;148
81;Poor requirements quality (general);15;168
81;Difficulties in project management;3;141
91;Time overrun;4;174
91;Increased difficulty of requirements elicitation;0;148
91;Increased difficulty of requirements elicitation;10;148
93;Poor communication;12;165
93;Customer dissatisfaction;4;133
93;Effort overrun;9;142
93;Increased difficulty of requirements elicitation;14;148
93;Increased complexity in RE;5;146
106;Decreased test efficiency;2;137
106;Increased number of requirements changes;16;152
106;Implementation of irrelevant requirements;12;143
106;Increased difficulty of requirements elicitation;6;148
106;Decreased efficiency (overall);0;135
119;Incomplete requirements;8;144
119;Overall demotivation;9;163
119;Incomplete requirements;15;144
119;Increased difficulty of requirements elicitation;4;148
119;Customer dissatisfaction;5;133
120;Time overrun;0;174
120;Time overrun;19;174
120;Time overrun;11;174
120;Poor (system) design quality;14;164
120;Lack of innovation;10;155
126;Solution becomes more complex;9;172
126;Wrong estimates;14;179
126;Difficulties in project management;13;141
126;Inefficient development;0;153
129;Misunderstanding (overall);15;161
129;Poor (system) design quality;4;164
129;Increased difficulty of requirements elicitation;12;148
129;Project scope becomes unclear;13;169
129;Incomplete requirements;14;144
141;Delayed detection of missing functions;17;140
141;Poor requirements quality (general);10;168
141;Validation of requirements becomes difficult;16;177
144;Effort overrun;10;142
144;Inefficient development;13;153
144;Poor requirements quality (general);14;168
144;Time overrun;18;174
144;Solution becomes more complex;11;172
146;Customer dissatisfaction;17;133
146;Solution becomes difficult to maintain;3;171
146;Increased difficulty of requirements elicitation;4;148
146;Inefficient development;18;153
146;Inefficient development;15;153
147;Effort overrun;4;142
147;Rework;16;170
147;Effort overrun;9;142
147;Effort overrun;2;142
147;Poor requirements quality (general);15;168
149;Conflicts within the team;17;132
149;Difficulties in project management;9;141
149;Time overrun;13;174
149;Decreased efficiency (overall);1;135
149;Poor (system) design quality;10;164
150;Poor product quality;15;167
150;Customer dissatisfaction;4;133
150;Time overrun;1;174
150;Missing traceability;13;160
150;Conflicts with the customer;15;130
150;Decreased efficiency (overall);0;135
160;Need for support by a more experienced developer;7;162
160;Increased difficulty of requirements elicitation;6;148
160;Budget overrun;4;129
160;Conflicts with the customer;10;130
163;Poor requirements quality (general);1;168
163;Missing functionality of product;8;159
163;Incomplete requirements;1;144
163;Decreased efficiency (overall);4;135
163;Difficulties in project management;19;141
163;Need for support by a more experienced developer;7;162
165;Time overrun;4;174
165;Time overrun;0;174
165;Difficulties in project management;9;141
165;Time overrun;1;174
165;Decreased efficiency (overall);2;135
166;Overall demotivation;0;163
166;Increased number of requirements changes;4;152
166;Time overrun;1;174
166;Increased number of requirements changes;15;152
166;Difficulties in project management;10;141
167;Overall demotivation;1;163
167;Time overrun;16;174
167;Time overrun;13;174
167;Customer dissatisfaction;13;133
167;Customer dissatisfaction;0;133
167;Customer dissatisfaction;10;133
168;Misunderstanding (overall);15;161
168;Difficulties in project management;13;141
168;Conflicts within the team;1;132
168;Project scope becomes unclear;9;169
168;Incomplete requirements;2;144
178;Delayed detection of missing functions;0;140
178;Increased number of failures / bugs;4;151
179;Implementation of irrelevant requirements;17;143
179;Implementation of irrelevant requirements;5;143
179;Poor requirements quality (general);18;168
179;Increased difficulty of requirements elicitation;6;148
179;Poor requirements quality (general);0;168
182;Difficulties in project management;16;141
182;Poor product quality;3;167
182;Poor product quality;8;167
188;Decreased efficiency (overall);0;135
188;Time overrun;4;174
188;Time overrun;3;174
188;Inefficient development;11;153
188;Conflicts within the team;9;132
199;Validation of requirements becomes difficult;2;177
199;Difficulties in project management;7;141
199;Poor product quality;4;167
199;Increased number of failures / bugs;5;151
199;Inefficient development;13;153
203;Poor (system) design quality;7;164
205;Conflicts with the customer;1;130
205;Increased maintenance costs;8;149
205;Project scope becomes unclear;9;169
205;Customer dissatisfaction;4;133
205;Time overrun;10;174
208;Decreased efficiency (overall);2;135
208;Conflicts with the customer;10;130
208;Increased number of change requests;13;150
208;Increased difficulty of requirements elicitation;0;148
213;Poor requirements quality (general);15;168
213;Poor product quality;6;167
213;Poor product quality;13;167
213;Increased difficulty of requirements elicitation;12;148
213;Time overrun;2;174
215;Customer dissatisfaction;14;133
215;Customer dissatisfaction;4;133
215;Effort overrun;1;142
215;Increased maintenance costs;3;149
217;Increased difficulty of requirements elicitation;10;148
217;Poor requirements quality (general);18;168
217;Implementation of irrelevant requirements;3;143
217;Implementation of irrelevant requirements;0;143
217;Poor product quality;12;167
231;Validation of requirements becomes difficult;14;177
231;Implementation of irrelevant requirements;1;143
231;Decreased business value;13;134
231;Poor requirements quality (general);15;168
231;Customer dissatisfaction;12;133
239;Time overrun;9;174
239;Misunderstanding (overall);13;161
239;Decreased efficiency (overall);4;135
249;Poor (system) design quality;18;164
249;Poor product quality;13;167
249;Difficulties in project management;12;141
249;Increased maintenance costs;0;149
249;Decreased efficiency (overall);1;135
258;Poor documentation of requirements;0;166
259;Increased difficulty of requirements elicitation;0;148
259;Poor requirements quality (general);14;168
259;Decreased efficiency (overall);3;135
259;Misunderstanding (overall);12;161
263;Difficulties in project management;2;141
263;Inefficient development;4;153
263;Increased complexity in RE;5;146
263;Tests are of low quality;13;173
263;Time overrun;0;174
267;Poor product quality;13;167
267;Effort overrun;15;142
267;Time overrun;4;174
267;Customer dissatisfaction;11;133
267;Information gets lost;0;154
268;Difficulties in project management;12;141
268;Difficulties in project management;7;141
268;Poor product quality;4;167
268;Poor documentation of requirements;5;166
278;Difficulties in project management;7;141
278;Poor requirements quality (general);19;168
278;Incomplete requirements;6;144
278;Conflicts within the team;1;132
278;Effort overrun;0;142
283;Poor requirements quality (general);4;168
283;Implementation of irrelevant requirements;5;143
283;Misunderstanding (overall);15;161
283;Poor (system) design quality;14;164
283;Decreased test efficiency;8;137
291;Conflicts within the team;16;132
291;Customer dissatisfaction;17;133
291;Project scope becomes unclear;9;169
297;Incomplete requirements;12;144
297;Poor requirements quality (general);1;168
297;Poor product quality;13;167
297;Customer dissatisfaction;9;133
297;Inefficient development;8;153
304;Increased communication;12;145
304;Poor product quality;5;167
304;Time overrun;0;174
304;Inefficient development;18;153
304;Validation of requirements becomes difficult;17;177
310;Difficulties in project management;9;141
310;Customer dissatisfaction;14;133
310;Decreased efficiency (overall);6;135
310;Incomplete requirements;13;144
313;Poor requirements quality (general);10;168
313;Inefficient development;2;153
313;Increased difficulty of requirements elicitation;14;148
313;Missing traceability;3;160
313;Poor communication;12;165
317;Conflicts within the customer;13;131
330;Difficulties in project management;1;141
330;Difficulties in project management;9;141
330;Difficulties in project management;12;141
330;Customer dissatisfaction;4;133
330;Time overrun;15;174
330;Conflicts with the customer;15;130
332;Customer dissatisfaction;10;133
341;Increased communication;12;145
341;Conflicts within the customer;8;131
355;Time overrun;9;174
355;Time overrun;11;174
355;Decreased business value;15;134
355;Less time left for RE;12;157
355;Difficulties in project management;13;141
359;Increased difficulty of requirements elicitation;4;148
359;Need for support by a more experienced developer;18;162
359;Wrong estimates;13;179
359;Weak knowledge transfer;17;178
359;Incomplete requirements;5;144
364;Budget overrun;9;129
364;Difficulties in project management;6;141
364;Difficulties in project management;13;141
364;Time overrun;4;174
364;Time overrun;0;174
365;Effort overrun;16;142
365;Decreased manageability;13;136
370;Customer dissatisfaction;9;133
370;Conflicts within the team;10;132
370;Effort overrun;15;142
370;Inefficient development;5;153
370;Poor product quality;13;167
372;Poor product quality;5;167
377;Poor product quality;6;167
377;Customer dissatisfaction;13;133
377;Project scope becomes unclear;17;169
377;Time overrun;9;174
377;Poor requirements quality (general);0;168
384;Inefficient development;15;153
384;Inefficient development;10;153
384;Time overrun;9;174
384;Budget overrun;9;129
384;Budget overrun;3;129
384;Increased complexity in RE;0;146
387;Untestable requirements;13;176
387;Decreased test efficiency;8;137
387;Overall demotivation;9;163
387;Poor product quality;11;167
393;Increased complexity in RE;9;146
393;Poor (system) design quality;10;164
393;Poor communication;16;165
393;Missing functionality of product;3;159
393;Poor product quality;13;167
416;Poor (system) design quality;13;164
416;Effort overrun;15;142
416;Budget overrun;4;129
416;Budget overrun;12;129
416;Poor product quality;11;167
420;Misunderstanding (overall);19;161
420;Difficulties in project management;7;141
420;Conflicts with the customer;17;130
425;Increased difficulty of requirements elicitation;6;148
425;Increased difficulty of requirements elicitation;14;148
425;Customer dissatisfaction;0;133
425;Customer dissatisfaction;9;133
425;Decreased user acceptance;2;138
427;Increased maintenance costs;8;149
427;Missing traceability;14;160
427;Rework;6;170
427;Increased number of requirements changes;4;152
437;Effort overrun;4;142
437;Rework;9;170
437;Poor requirements quality (general);14;168
437;Inefficient development;17;153
437;Conflicts with the customer;0;130
442;Conflicts with the customer;10;130
442;Project scope becomes unclear;9;169
442;Inefficient development;2;153
444;Overall demotivation;13;163
444;Effort overrun;1;142
444;Poor requirements quality (general);15;168
444;Delayed detection of missing functions;4;140
444;Less time left for RE;0;157
446;Poor product quality;0;167
446;Time overrun;13;174
446;Difficulties in project management;1;141
446;Decreased efficiency (overall);12;135
446;Customer dissatisfaction;10;133
453;Delayed detection of bugs and failures;0;139
453;Difficulties in project management;4;141
453;Rework;15;170
453;Increased number of change requests;9;150
453;Inefficient development;14;153
461;Customer dissatisfaction;4;133
461;Customer dissatisfaction;14;133
461;Customer dissatisfaction;13;133
461;Customer dissatisfaction;18;133
461;Customer dissatisfaction;15;133
467;Customer dissatisfaction;4;133
467;Poor product quality;13;167
467;Decreased efficiency (overall);1;135
467;Implementation of irrelevant requirements;3;143
467;Difficulties in project management;9;141
468;Customer dissatisfaction;6;133
468;Customer dissatisfaction;15;133
468;Overall demotivation;7;163
468;Poor product quality;1;167
468;Solution becomes difficult to maintain;13;171
479;Inefficient development;8;153
479;Increased communication;1;145
479;Weak knowledge transfer;4;178
479;Poor communication;0;165
479;Validation of requirements becomes difficult;12;177
482;Decreased efficiency (overall);1;135
482;Inefficient development;10;153
482;Inefficient development;4;153
482;Effort overrun;5;142
482;Decreased efficiency (overall);9;135
485;Poor (system) design quality;13;164
485;Increased difficulty of requirements elicitation;4;148
485;Increased difficulty of requirements elicitation;18;148
485;Inefficient development;9;153
485;Conflicts with the customer;1;130
489;Customer dissatisfaction;0;133
489;Customer dissatisfaction;13;133
489;Decreased user acceptance;1;138
489;Customer dissatisfaction;4;133
502;Need for support by a more experienced developer;8;162
511;Poor requirements quality (general);15;168
511;Increased difficulty of requirements elicitation;0;148
511;Conflicts within the team;13;132
511;Time overrun;9;174
512;Poor requirements quality (general);17;168
512;Decreased business value;6;134
512;Implementation of irrelevant requirements;18;143
512;Poor product quality;0;167
512;Difficulties in project management;16;141
518;Poor product quality;13;167
518;Poor (system) design quality;0;164
518;Inefficient development;1;153
518;Time overrun;6;174
523;Inefficient development;18;153
523;Inefficient development;12;153
523;Poor product quality;15;167
523;Poor product quality;4;167
523;Customer dissatisfaction;5;133
525;Inefficient development;4;153
525;Missing functionality of product;13;159
525;Missing functionality of product;0;159
525;Poor requirements quality (general);12;168
525;Poor (system) design quality;10;164
534;Poor (system) design quality;14;164
534;Customer dissatisfaction;0;133
534;Inefficient development;1;153
534;Increased number of requirements changes;4;152
539;Time overrun;5;174
539;Decreased test efficiency;0;137
539;Increased difficulty of requirements elicitation;6;148
539;Poor (system) design quality;14;164
541;Delayed detection of bugs and failures;4;139
549;Poor product quality;5;167
549;Increased number of failures / bugs;15;151
549;Poor requirements quality (general);13;168
549;Decreased efficiency (overall);4;135
549;Customer dissatisfaction;3;133
570;Decreased efficiency (overall);1;135
570;Poor documentation of requirements;12;166
570;Incomplete requirements;13;144
570;Time overrun;2;174
570;Implementation of irrelevant requirements;18;143
573;Difficulties in project management;18;141
573;Conflicts within the team;19;132
573;Poor product quality;4;167
573;Customer dissatisfaction;0;133
573;Inefficient development;1;153
586;Increased difficulty of requirements elicitation;2;148
586;Poor communication;12;165
586;Inefficient development;0;153
586;Customer dissatisfaction;1;133
586;Conflicts within the team;10;132
626;Increased difficulty of requirements elicitation;18;148
626;Increased communication;12;145
626;Increased number of requirements changes;9;152
626;Incomplete requirements;4;144
637;Increased maintenance costs;8;149
637;Poor requirements quality (general);13;168
637;Inefficient development;18;153
637;Incomplete requirements;0;144
637;Poor product quality;4;167
640;Budget overrun;3;129
640;Poor documentation of requirements;9;166
640;Difficulties in project management;4;141
640;Poor product quality;13;167
640;Misunderstanding (overall);0;161
649;Overall demotivation;2;163
649;Customer dissatisfaction;4;133
649;Inefficient development;13;153
649;Poor product quality;10;167
649;Increased number of failures / bugs;3;151
661;Poor communication;1;165
661;Difficulties in project management;7;141
661;Decreased efficiency (overall);3;135
661;Inefficient development;9;153
661;Implementation of irrelevant requirements;4;143
663;Incomplete requirements;0;144
663;Poor product quality;16;167
663;Poor product quality;4;167
663;Poor product quality;9;167
663;Effort overrun;0;142
663;Poor (system) design quality;13;164
676;Customer dissatisfaction;14;133
676;Time overrun;0;174
676;Time overrun;6;174
676;Inefficient development;4;153
676;Poor product quality;4;167
694;Decreased efficiency (overall);15;135
694;Time overrun;13;174
694;Difficulties in project management;0;141
694;Time overrun;14;174
694;Decreased efficiency (overall);1;135
710;Difficulties in project management;9;141
710;Delayed detection of bugs and failures;8;139
710;Implementation of irrelevant requirements;15;143
710;Effort overrun;4;142
710;Customer dissatisfaction;6;133
719;Missing functionality of product;0;159
719;Increased maintenance costs;8;149
719;Delayed detection of missing functions;4;140
719;Poor requirements quality (general);15;168
719;Poor requirements quality (general);1;168
722;Time overrun;16;174
722;Customer dissatisfaction;6;133
722;Inefficient development;9;153
722;Budget overrun;0;129
722;Increased maintenance costs;1;149
723;Inefficient development;17;153
729;Decreased efficiency (overall);10;135
729;Difficulties in project management;9;141
729;Increased difficulty of requirements elicitation;4;148
735;Increased number of failures / bugs;13;151
735;Time overrun;0;174
740;Time overrun;17;174
740;Wrong estimates;4;179
740;Inefficient development;15;153
740;Effort overrun;18;142
740;Time overrun;6;174
742;Conflicts with the customer;16;130
742;Effort overrun;9;142
742;Conflicts within the team;0;132
754;Conflicts with the customer;19;130
758;Implementation of irrelevant requirements;18;143
758;Effort overrun;9;142
758;Conflicts within the team;11;132
768;Misunderstanding (overall);1;161
768;Effort overrun;13;142
768;Conflicts with the customer;19;130
768;Poor documentation of requirements;17;166
768;Poor requirements quality (general);4;168
774;Customer dissatisfaction;11;133
774;Poor product quality;3;167
786;Increased number of failures / bugs;8;151
786;Inefficient development;1;153
786;Validation of requirements becomes difficult;12;177
819;Poor product quality;10;167
819;Poor product quality;13;167
819;Missing functionality of product;14;159
819;Project scope becomes unclear;0;169
819;Increased difficulty of requirements elicitation;12;148
825;Poor communication;1;165
825;Difficulties in project management;7;141
830;Solution becomes difficult to maintain;14;171
830;Customer dissatisfaction;11;133
830;Difficulties in project management;13;141
831;Budget overrun;17;129
845;Time overrun;13;174
847;Inefficient development;3;153
847;Poor product quality;10;167
847;Decreased efficiency (overall);11;135
847;Lack of innovation;2;155
849;Time overrun;9;174
849;Difficulties in project management;10;141
849;Difficulties in project management;17;141
849;Overall demotivation;0;163
849;Difficulties in project management;16;141
851;Increased difficulty of requirements elicitation;6;148
851;Decreased efficiency (overall);4;135
851;Time overrun;9;174
851;Conflicts within the team;10;132
851;Poor product quality;13;167
856;Conflicts with the customer;0;130
856;Poor requirements quality (general);4;168
856;Effort overrun;9;142
856;Weak knowledge transfer;18;178
856;Poor product quality;6;167
857;Conflicts with the customer;0;130
857;Implementation of irrelevant requirements;0;143
864;Increased difficulty of requirements elicitation;10;148
864;Increased difficulty of impact analyses;8;147
864;Inefficient development;4;153
864;Increased maintenance costs;3;149
864;Poor requirements quality (general);0;168
865;Difficulties in project management;7;141
865;Incomplete requirements;19;144
865;Inefficient development;9;153
865;Poor product quality;13;167
865;Poor product quality;4;167
868;Budget overrun;15;129
868;Rework;5;170
868;Effort overrun;1;142
868;Increased number of requirements changes;16;152
868;Customer dissatisfaction;18;133
870;Missing functionality of product;4;159
870;Poor product quality;5;167
870;Poor product quality;0;167
870;Customer dissatisfaction;10;133
870;Poor product quality;1;167
876;Weak knowledge transfer;0;178
876;Poor requirements quality (general);14;168
876;Inefficient development;9;153
876;Difficulties in project management;15;141
879;Inefficient development;15;153
879;Poor product quality;10;167
879;Rework;5;170
879;Poor requirements quality (general);18;168
879;Effort overrun;12;142
880;Decreased test efficiency;15;137
880;Increased number of change requests;0;150
880;Wrong estimates;16;179
880;Inefficient development;9;153
880;Poor product quality;13;167
900;Poor requirements quality (general);18;168
900;Inefficient development;12;153
900;Customer dissatisfaction;4;133
901;Poor product quality;13;167
901;Poor requirements quality (general);10;168
901;Inefficient development;4;153
901;Effort overrun;17;142
901;Effort overrun;1;142
909;Poor requirements quality (general);17;168
909;Time overrun;3;174
909;Incomplete requirements;7;144
909;Poor (system) design quality;13;164
909;Decreased efficiency (overall);4;135
910;Poor product quality;13;167
910;Poor product quality;5;167
910;Effort overrun;4;142
910;Poor requirements quality (general);15;168
910;Increased maintenance costs;8;149
912;Misunderstanding (overall);18;161
912;Increased difficulty of requirements elicitation;10;148
912;Decreased efficiency (overall);4;135
912;Conflicts with the customer;6;130
912;Customer dissatisfaction;13;133
916;Decreased business value;9;134
916;Poor requirements quality (general);8;168
916;Customer dissatisfaction;5;133
916;Conflicts with the customer;17;130
916;Decreased business value;3;134
917;Inefficient development;5;153
917;Rework;9;170
917;Effort overrun;0;142
917;Effort overrun;4;142
917;Poor requirements quality (general);17;168
921;Inefficient development;19;153
921;Inefficient development;15;153
921;Inefficient development;4;153
921;Inefficient development;10;153
921;Inefficient development;5;153
923;Overall demotivation;13;163
923;Inefficient development;2;153
923;Customer dissatisfaction;15;133
923;Effort overrun;5;142
923;Project scope becomes unclear;9;169
924;Inefficient development;4;153
924;Effort overrun;1;142
924;Effort overrun;0;142
924;Rework;5;170
924;Poor requirements quality (general);8;168
928;Customer dissatisfaction;10;133
928;Poor product quality;13;167
928;Poor requirements quality (general);17;168
928;Inefficient development;4;153
928;Conflicts with the customer;1;130
929;Incomplete requirements;6;144
929;Increased difficulty of requirements elicitation;0;148
929;Customer dissatisfaction;1;133
929;Poor product quality;13;167
929;Poor product quality;5;167
930;Poor requirements quality (general);15;168
930;Increased difficulty of requirements elicitation;0;148
930;Budget overrun;10;129
930;Inefficient development;9;153
930;Increased number of change requests;4;150
931;Incomplete requirements;1;144
932;Effort overrun;9;142
932;Time overrun;4;174
933;Poor product quality;13;167
933;Delayed detection of missing functions;9;140
933;Poor product quality;0;167
933;Customer dissatisfaction;5;133
933;Misunderstanding (overall);15;161
937;Customer dissatisfaction;3;133
937;Difficulties in project management;9;141
937;Budget overrun;13;129
945;Customer dissatisfaction;0;133
945;Budget overrun;7;129
945;Poor product quality;15;167
945;Poor product quality;4;167
945;Missing functionality of product;5;159
947;Poor product quality;4;167
947;Poor product quality;13;167
947;Missing functionality of product;0;159
947;Increased maintenance costs;9;149
947;Customer dissatisfaction;12;133
952;Project scope becomes unclear;8;169
952;Project scope becomes unclear;6;169
952;Poor requirements quality (general);4;168
952;Increased difficulty of requirements elicitation;14;148
952;Difficulties in project management;5;141
958;Difficulties in project management;6;141
958;Time overrun;4;174
958;Poor product quality;13;167
958;Poor requirements quality (general);10;168
959;Delayed detection of bugs and failures;8;139
959;Poor documentation of requirements;3;166
959;Conflicts with the customer;13;130
959;Difficulties in project management;16;141
959;Difficulties in project management;15;141
968;Poor requirements quality (general);0;168
968;Poor product quality;13;167
980;Poor product quality;13;167
984;Time overrun;9;174
984;Misunderstanding (overall);1;161
984;Conflicts within the team;8;132
984;Lack of innovation;2;155
985;Effort overrun;1;142
985;Poor requirements quality (general);6;168
985;Inefficient development;18;153
985;Difficulties in project management;9;141
985;Inefficient development;0;153
987;Inefficient development;4;153
987;Time overrun;15;174
987;Time overrun;11;174
987;Time overrun;18;174
987;Time overrun;8;174
990;Missing functionality of product;17;159
990;Incomplete requirements;4;144
990;Time overrun;1;174
990;Difficulties in project management;9;141
990;Increased number of change requests;12;150
997;Time overrun;6;174
997;Poor product quality;10;167
997;Inefficient development;13;153
997;Poor (system) design quality;14;164
1006;Inefficient development;4;153
1006;Increased number of requirements changes;1;152
1006;Time overrun;0;174
1006;Inefficient development;9;153
1006;Inefficient development;17;153
1010;Difficulties in project management;13;141
1010;Difficulties in project management;8;141
1010;Incomplete requirements;14;144
1010;Inefficient development;9;153
1010;Inefficient development;15;153
1011;Budget overrun;3;129
1011;Time overrun;12;174
1011;Inefficient development;5;153
1011;Difficulties in project management;4;141
1011;Effort overrun;9;142
1012;Effort overrun;5;142
1012;Implementation of irrelevant requirements;19;143
1012;Poor requirements quality (general);8;168
1012;Missing functionality of product;13;159
1012;Poor product quality;1;167
1014;Poor documentation of requirements;15;166
1014;Poor documentation of requirements;4;166
1014;Poor communication;1;165
1014;Budget overrun;13;129
1017;Effort overrun;1;142
1017;Increased communication;10;145
1017;Need for support by a more experienced developer;6;162
1017;Conflicts within the team;12;132
1017;Difficulties in project management;17;141
1021;Poor product quality;0;167
1021;Difficulties in project management;12;141
1021;Inefficient development;5;153
1021;Inefficient development;4;153
1021;Poor product quality;14;167
1031;Poor product quality;3;167
1031;Effort overrun;0;142
1031;Effort overrun;13;142
1031;Poor product quality;14;167
1031;Customer dissatisfaction;2;133
1033;Incomplete requirements;6;144
1033;Effort overrun;3;142
1033;Effort overrun;0;142
1033;Rework;9;170
1033;Overall demotivation;1;163
1039;Project scope becomes unclear;4;169
1039;Effort overrun;1;142
1039;Implementation of irrelevant requirements;0;143
1039;Difficulties in project management;14;141
1039;Implementation of irrelevant requirements;18;143
1051;Missing traceability;5;160
1051;Inefficient development;4;153
1051;Difficulties in project management;15;141
1051;Poor product quality;18;167
1051;Poor product quality;6;167
1055;Inefficient development;1;153
1055;Decreased business value;10;134
1055;Poor requirements quality (general);12;168
1055;Poor (system) design quality;14;164
1055;Time overrun;17;174
1064;Time overrun;15;174
1064;Time overrun;5;174
1064;Time overrun;4;174
1064;Time overrun;14;174
1064;Decreased efficiency (overall);1;135
1065;Time overrun;8;174
1065;Poor requirements quality (general);17;168
1065;Increased communication;10;145
1065;Poor product quality;13;167
1065;Conflicts within the team;12;132
1066;Time overrun;0;174
1066;Difficulties in project management;1;141
1066;Budget overrun;0;129
1066;Difficulties in project management;10;141
1066;Difficulties in project management;5;141
1066;Difficulties in project management;4;141
1069;Increased communication;18;145
1069;Increased communication;4;145
1069;Increased communication;12;145
1070;Conflicts with the customer;9;130
1070;Conflicts with the customer;4;130
1070;Customer dissatisfaction;15;133
1070;Difficulties in project management;5;141
1070;Rework;14;170
1076;Increased communication;12;145
1076;Time overrun;0;174
1076;Poor product quality;1;167
1079;Poor requirements quality (general);17;168
1079;Effort overrun;15;142
1079;Effort overrun;10;142
1079;Time overrun;13;174
1079;Inefficient development;5;153
1080;Poor requirements quality (general);15;168
1080;Customer dissatisfaction;2;133
1080;Inefficient development;8;153
1080;Time overrun;6;174
1080;Effort overrun;11;142
1082;Poor requirements quality (general);17;168
1082;Incomplete requirements;13;144
1082;Poor requirements quality (general);0;168
1082;Missing engagement by customer;10;158
1091;Conflicts with the customer;4;130
1091;Poor communication;19;165
1091;Inefficient development;6;153
1091;Information gets lost;0;154
1091;Poor product quality;5;167
1097;Increased difficulty of requirements elicitation;10;148
1097;Poor product quality;4;167
1097;Increased difficulty of requirements elicitation;8;148
1097;Unexpected non-functional requirements;14;175
1097;Poor (system) design quality;5;164
1100;Rework;18;170
1100;Inefficient development;4;153
1100;Effort overrun;0;142
1100;Effort overrun;6;142
1100;Poor requirements quality (general);8;168
1101;Solution becomes difficult to maintain;15;171
1101;Poor product quality;17;167
1101;Less time left for RE;1;157
1101;Difficulties in project management;0;141
1101;Inefficient development;4;153
1105;Tests are of low quality;9;173
1105;Tests are of low quality;4;173
1105;Poor product quality;8;167
1105;Decreased test efficiency;10;137
1105;Decreased test efficiency;17;137
1111;Effort overrun;4;142
1111;Inefficient development;15;153
1111;Decreased manageability;7;136
1111;Inefficient development;13;153
1111;Poor requirements quality (general);0;168
1114;Effort overrun;17;142
1114;Poor requirements quality (general);12;168
1114;Effort overrun;13;142
1114;Rework;6;170
1114;Effort overrun;0;142
1118;Inefficient development;15;153
1118;Time overrun;0;174
1118;Effort overrun;12;142
1122;Customer dissatisfaction;15;133
1122;Poor product quality;13;167
1122;Customer dissatisfaction;14;133
1122;Poor product quality;5;167
1122;Conflicts within the team;16;132
1124;Time overrun;14;174
1124;Difficulties in project management;10;141
1124;Poor requirements quality (general);5;168
1124;Increased difficulty of requirements elicitation;4;148
1124;Conflicts within the team;1;132
1126;Budget overrun;5;129
1126;Time overrun;5;174
1126;Difficulties in project management;6;141
1126;Missing functionality of product;5;159
1126;Poor product quality;4;167
1126;Customer dissatisfaction;0;133
1126;Increased maintenance costs;1;149
1126;Customer dissatisfaction;5;133
1139;Poor requirements quality (general);14;168
1139;Conflicts within the team;1;132
1139;Misunderstanding (overall);15;161
1139;Decreased test efficiency;7;137
1141;Increased number of requirements changes;4;152
1141;Poor (system) design quality;1;164
1141;Difficulties in project management;7;141
1141;Inefficient development;13;153
1141;Effort overrun;10;142
1159;Decreased efficiency (overall);0;135
1159;Implementation of irrelevant requirements;4;143
1159;Poor (system) design quality;5;164
1161;Solution becomes more complex;10;172
1161;Conflicts with the customer;19;130
1161;Time overrun;9;174
1161;Misunderstanding (overall);2;161
1161;Increased complexity in RE;12;146
1163;Time overrun;15;174
1163;Difficulties in project management;3;141
1163;Time overrun;8;174
1163;Overall demotivation;13;163
1163;Conflicts within the team;9;132
1166;Budget overrun;4;129
1168;Poor product quality;5;167
1168;Budget overrun;0;129
1168;Customer dissatisfaction;11;133
1168;Customer dissatisfaction;14;133
1168;Increased number of change requests;4;150
1171;Missing functionality of product;18;159
1171;Time overrun;15;174
1171;Customer dissatisfaction;0;133
1171;Poor product quality;3;167
1171;Difficulties in project management;7;141
1187;Increased difficulty of requirements elicitation;0;148
1187;Inefficient development;14;153
1187;Project scope becomes unclear;9;169
1187;Increased difficulty of requirements elicitation;17;148
1189;Increased difficulty of requirements elicitation;0;148
1189;Effort overrun;4;142
1194;Inefficient development;17;153
1194;Conflicts within the team;11;132
1194;Solution becomes difficult to maintain;4;171
1194;Difficulties in project management;5;141
1194;Tests are of low quality;9;173
1204;Incomplete requirements;6;144
1204;Difficulties in project management;16;141
1204;Time overrun;9;174
1204;Difficulties in project management;6;141
1204;Wrong estimates;17;179
1207;Customer dissatisfaction;3;133
1207;Customer dissatisfaction;2;133
1207;Time overrun;10;174
1207;Incomplete requirements;8;144
1207;Misunderstanding (overall);12;161
1223;Time overrun;4;174
1224;Conflicts with the customer;1;130
1224;Customer dissatisfaction;17;133
1224;Customer dissatisfaction;11;133
1227;Increased difficulty of requirements elicitation;18;148
1229;Effort overrun;1;142
1229;Incomplete requirements;19;144
1229;Inefficient development;17;153
1229;Need for support by a more experienced developer;7;162
1229;Customer dissatisfaction;0;133
1238;Increased maintenance costs;13;149
1238;Effort overrun;17;142
1238;Effort overrun;1;142
1238;Time overrun;9;174
1238;Poor requirements quality (general);18;168
1239;Rework;5;170
1239;Inefficient development;15;153
1239;Effort overrun;1;142
1239;Time overrun;9;174
1239;Poor product quality;0;167
1266;Time overrun;12;174
1266;Time overrun;10;174
1266;Increased number of change requests;9;150
1266;Inefficient development;11;153
1266;Difficulties in project management;16;141
1279;Increased number of change requests;9;150
1279;Implementation of irrelevant requirements;0;143
1279;Misunderstanding (overall);18;161
1279;Customer dissatisfaction;13;133
1279;Need for support by a more experienced developer;4;162
1283;Time overrun;6;174
1283;Time overrun;0;174
1283;Time overrun;5;174
1283;Time overrun;9;174
1283;Poor product quality;17;167
1288;Time overrun;13;174
1288;Time overrun;15;174
1288;Inefficient development;18;153
1289;Budget overrun;4;129
1289;Time overrun;15;174
1289;Validation of requirements becomes difficult;17;177
1289;Decreased user acceptance;14;138
1289;Budget overrun;13;129
1290;Inefficient development;9;153
1290;Time overrun;9;174
1290;Time overrun;14;174
1290;Inefficient development;4;153
1291;Increased number of requirements changes;16;152
1291;Customer dissatisfaction;6;133
1291;Poor product quality;13;167
1291;Poor product quality;1;167
1291;Implementation of irrelevant requirements;17;143
1296;Incomplete requirements;17;144
1296;Misunderstanding (overall);18;161
1296;Project scope becomes unclear;9;169
1296;Decreased efficiency (overall);2;135
1316;Inefficient development;4;153
1316;Increased number of change requests;10;150
1316;Poor requirements quality (general);5;168
1316;Difficulties in project management;9;141
1316;Poor product quality;0;167
1321;Misunderstanding (overall);18;161
1327;Time overrun;9;174
1327;Customer dissatisfaction;11;133
1327;Budget overrun;12;129
1327;Budget overrun;9;129
1327;Increased maintenance costs;13;149
1327;Difficulties in project management;3;141
1331;Increased difficulty of impact analyses;0;147
1331;Inefficient development;18;153
1331;Increased difficulty of requirements elicitation;10;148
1331;Increased number of change requests;4;150
1331;Poor (system) design quality;9;164
1339;Conflicts within the team;0;132
1339;Difficulties in project management;1;141
1339;Overall demotivation;19;163
1339;Decreased efficiency (overall);15;135
1339;Conflicts with the customer;11;130
1341;Budget overrun;7;129
1341;Incomplete requirements;12;144
1341;Effort overrun;1;142
1341;Poor product quality;0;167
1343;Overall demotivation;19;163
1343;Customer dissatisfaction;12;133
1343;Poor requirements quality (general);0;168
1343;Time overrun;18;174
1343;Inefficient development;1;153
1344;Poor product quality;0;167
1344;Missing traceability;3;160
1347;Decreased business value;2;134
1347;Implementation of irrelevant requirements;0;143
1347;Poor requirements quality (general);17;168
1347;Lack of innovation;10;155
1347;Missing functionality of product;13;159
1349;Poor product quality;4;167
1349;Customer dissatisfaction;5;133
1349;Difficulties in project management;9;141
1349;Implementation of irrelevant requirements;15;143
1350;Poor product quality;5;167
1350;Customer dissatisfaction;7;133
1350;Inefficient development;1;153
1350;Missing functionality of product;3;159
1350;Implementation of irrelevant requirements;0;143
1351;Poor requirements quality (general);18;168
1351;Increased communication;9;145
1351;Overall demotivation;19;163
1351;Customer dissatisfaction;15;133
1352;Customer dissatisfaction;5;133
1352;Time overrun;4;174
1352;Budget overrun;10;129
1353;Rework;16;170
1353;Effort overrun;12;142
1353;Effort overrun;15;142
1353;Conflicts with the customer;14;130
1353;Decreased efficiency (overall);2;135
1354;Overall demotivation;0;163
1354;Time overrun;19;174
1354;Budget overrun;19;129
1354;Overall demotivation;6;163
1354;Information gets lost;1;154
1354;Conflicts within the team;7;132
1355;Customer dissatisfaction;15;133
1355;Conflicts within the team;14;132
1355;Customer dissatisfaction;18;133
1355;Customer dissatisfaction;5;133
1356;Poor requirements quality (general);14;168
1356;Increased number of failures / bugs;3;151
1356;Poor communication;13;165
1356;Poor communication;19;165
1357;Time overrun;1;174
1357;Wrong estimates;12;179
1357;Effort overrun;10;142
1357;Time overrun;3;174
1357;Inefficient development;0;153
1358;Poor communication;19;165
1358;Incomplete requirements;11;144
1358;Increased difficulty of requirements elicitation;18;148
1358;Increased number of requirements changes;16;152
1358;Poor requirements quality (general);4;168
1359;Customer dissatisfaction;4;133
1359;Increased number of change requests;14;150
1359;Poor product quality;11;167
1360;Poor (system) design quality;14;164
1360;Poor product quality;15;167
1360;Increased number of change requests;8;150
1383;Time overrun;4;174
1402;Difficulties in project management;0;141
1402;Poor communication;15;165
1402;Increased number of failures / bugs;5;151
1402;Increased difficulty of requirements elicitation;4;148
1402;Difficulties in project management;9;141
1403;Conflicts within the team;5;132
1403;Increased number of change requests;4;150
1403;Poor product quality;13;167
1403;Poor requirements quality (general);0;168
1406;Conflicts within the team;5;132
1406;Validation of requirements becomes difficult;9;177
1406;Conflicts within the team;1;132
1406;Increased number of change requests;8;150
1406;Effort overrun;13;142
1411;Poor product quality;15;167
1411;Difficulties in project management;1;141
1411;Poor product quality;13;167
1411;Incomplete requirements;16;144
1411;Inefficient development;4;153
1413;Missing functionality of product;7;159
1413;Poor product quality;0;167
1413;Poor product quality;4;167
1413;Increased difficulty of requirements elicitation;1;148
1413;Validation of requirements becomes difficult;12;177
1415;Poor product quality;12;167
1415;Increased difficulty of requirements elicitation;1;148
1415;Conflicts with the customer;19;130
1415;Poor product quality;0;167
1415;Poor product quality;17;167
1416;Conflicts within the team;19;132
1416;Project scope becomes unclear;4;169
1416;Inefficient development;0;153
1416;Customer dissatisfaction;6;133
1416;Time overrun;14;174
1417;Solution becomes more complex;13;172
1417;Time overrun;18;174
1417;Poor product quality;16;167
1417;Implementation of irrelevant requirements;15;143
1417;Poor requirements quality (general);14;168
1419;Decreased business value;6;134
1419;Poor communication;1;165
1419;Inefficient development;7;153
1419;Customer dissatisfaction;12;133
1419;Poor requirements quality (general);0;168
1423;Incomplete requirements;11;144
1423;Poor product quality;13;167
1423;Conflicts within the team;15;132
1424;Difficulties in project management;10;141
1424;Poor requirements quality (general);12;168
1424;Increased difficulty of requirements elicitation;3;148
1424;Poor communication;15;165
1426;Validation of requirements becomes difficult;13;177
1426;Incomplete requirements;12;144
1426;Difficulties in project management;5;141
1426;Effort overrun;15;142
1426;Effort overrun;4;142
1433;Difficulties in project management;14;141
1433;Time overrun;13;174
1433;Missing traceability;3;160
1433;Increased complexity in RE;10;146
1433;Poor product quality;4;167
1435;Time overrun;8;174
1435;Difficulties in project management;5;141
1435;Poor product quality;4;167
1441;Late decision;6;156
1441;Increased number of change requests;0;150
1441;Inefficient development;9;153
1441;Increased complexity in RE;1;146
1454;Time overrun;0;174
1454;Project scope becomes unclear;9;169
1454;Overall demotivation;8;163
1454;Decreased user acceptance;1;138
1455;Inefficient development;2;153
1455;Time overrun;13;174
1455;Increased maintenance costs;9;149
1457;Rework;5;170
1457;Decreased user acceptance;0;138
1457;Increased number of change requests;4;150
1457;Tests are of low quality;10;173
1458;Time overrun;1;174
1458;Need for support by a more experienced developer;7;162
1458;Inefficient development;13;153
1458;Increased difficulty of requirements elicitation;5;148
1458;Validation of requirements becomes difficult;12;177
1459;Rework;4;170
1459;Decreased manageability;1;136
1459;Decreased user acceptance;0;138
1459;Inefficient development;9;153
1459;Time overrun;13;174
1462;Customer dissatisfaction;15;133
1462;Difficulties in project management;19;141
1462;Customer dissatisfaction;5;133
1462;Missing functionality of product;4;159
1462;Conflicts with the customer;10;130
1466;Overall demotivation;15;163
1466;Time overrun;4;174
1466;Poor product quality;13;167
1466;Poor product quality;9;167
1466;Poor communication;12;165
1467;Time overrun;3;174
1467;Rework;9;170
1467;Delayed detection of bugs and failures;2;139
1467;Effort overrun;4;142
1467;Inefficient development;15;153
1482;Customer dissatisfaction;19;133
1482;Poor product quality;5;167
1482;Inefficient development;1;153
1482;Inefficient development;4;153
1482;Poor requirements quality (general);0;168
1483;Effort overrun;0;142
1483;Project scope becomes unclear;1;169
1483;Inefficient development;4;153
1484;Increased difficulty of requirements elicitation;1;148
1485;Difficulties in project management;1;141
1485;Poor requirements quality (general);19;168
1486;Budget overrun;13;129
1486;Poor requirements quality (general);18;168
1486;Inefficient development;9;153
1486;Solution becomes more complex;8;172
1486;Lack of innovation;2;155
1526;Rework;18;170
1526;Effort overrun;0;142
1526;Effort overrun;0;142
1526;Inefficient development;17;153
1542;Validation of requirements becomes difficult;17;177
1542;Customer dissatisfaction;11;133
1542;Inefficient development;13;153
1542;Conflicts within the team;18;132
1542;Need for support by a more experienced developer;0;162
1560;Time overrun;15;174
1560;Customer dissatisfaction;4;133
1560;Inefficient development;5;153
1560;Poor requirements quality (general);16;168
1560;Poor (system) design quality;10;164
1617;Conflicts within the team;17;132
1617;Inefficient development;4;153
1617;Poor product quality;1;167
1617;Increased difficulty of requirements elicitation;5;148
1617;Decreased user acceptance;0;138
1620;Poor product quality;3;167
1620;Budget overrun;15;129
1620;Customer dissatisfaction;13;133
1620;Difficulties in project management;7;141
1621;Poor product quality;13;167
1621;Poor product quality;10;167
1621;Increased difficulty of requirements elicitation;15;148
1621;Poor requirements quality (general);14;168
1621;Difficulties in project management;4;141
1624;Poor documentation of requirements;2;166
1624;Customer dissatisfaction;5;133
1624;Lack of innovation;10;155
1650;Time overrun;10;174
1650;Decreased user acceptance;0;138
1650;Less time left for RE;0;157
1650;Difficulties in project management;17;141
1650;Time overrun;5;174
1651;Time overrun;3;174
1651;Conflicts within the team;12;132
1651;Project scope becomes unclear;10;169
1651;Misunderstanding (overall);9;161
1651;Time overrun;4;174
1663;Difficulties in project management;1;141
1663;Inefficient development;13;153
1663;Decreased efficiency (overall);0;135
1663;Difficulties in project management;18;141
1668;Increased difficulty of requirements elicitation;5;148
1668;Poor requirements quality (general);4;168
1668;Poor requirements quality (general);14;168
1668;Incomplete requirements;11;144
1668;Increased difficulty of requirements elicitation;10;148
1669;Customer dissatisfaction;0;133
1669;Poor documentation of requirements;1;166
1669;Difficulties in project management;17;141
1669;Difficulties in project management;15;141
1669;Poor product quality;13;167
1670;Increased difficulty of requirements elicitation;5;148
1670;Increased difficulty of requirements elicitation;10;148
1670;Poor requirements quality (general);14;168
1670;Poor requirements quality (general);4;168
1670;Incomplete requirements;11;144
1675;Increased difficulty of requirements elicitation;16;148
1675;Increased maintenance costs;1;149
1675;Missing functionality of product;5;159
1675;Customer dissatisfaction;0;133
1675;Conflicts within the team;9;132
1676;Time overrun;14;174
1676;Decreased efficiency (overall);3;135
1676;Inefficient development;4;153
1676;Difficulties in project management;2;141
1676;Time overrun;13;174
1690;Difficulties in project management;4;141
1690;Difficulties in project management;2;141
1690;Poor requirements quality (general);9;168
1690;Inefficient development;15;153
1690;Customer dissatisfaction;13;133
1695;Effort overrun;7;142
1695;Budget overrun;7;129
1695;Poor product quality;19;167
1695;Poor product quality;14;167
1695;Inefficient development;16;153
1695;Poor product quality;15;167
1697;Delayed detection of bugs and failures;8;139
1697;Time overrun;16;174
1697;Inefficient development;2;153
1697;Increased maintenance costs;13;149
1698;Need for support by a more experienced developer;17;162
1698;Difficulties in project management;7;141
1698;Solution becomes more complex;11;172
1698;Increased complexity in RE;14;146
1698;Poor communication;1;165
1703;Missing functionality of product;13;159
1703;Difficulties in project management;6;141
1703;Poor communication;7;165
1703;Poor product quality;11;167
1703;Difficulties in project management;9;141
1705;Increased difficulty of requirements elicitation;10;148
1705;Poor requirements quality (general);6;168
1705;Customer dissatisfaction;2;133
1705;Poor product quality;18;167
1705;Inefficient development;15;153
1717;Budget overrun;19;129
1717;Difficulties in project management;11;141
1717;Inefficient development;17;153
1717;Poor product quality;13;167
1718;Customer dissatisfaction;17;133
1718;Effort overrun;4;142
1718;Conflicts within the team;15;132
1718;Poor product quality;13;167
1718;Decreased test efficiency;8;137
1723;Decreased manageability;15;136
1723;Customer dissatisfaction;6;133
1723;Poor product quality;12;167
1727;Inefficient development;4;153
1727;Difficulties in project management;8;141
1727;Poor communication;11;165
1727;Poor communication;5;165
1727;Wrong sizing of hardware;18;180
1733;Time overrun;9;174
1733;Customer dissatisfaction;19;133
1733;Inefficient development;15;153
1733;Time overrun;5;174
1733;Time overrun;4;174
1741;Wrong estimates;9;179
1741;Project scope becomes unclear;4;169
1741;Inefficient development;12;153
1741;Customer dissatisfaction;13;133
1741;Increased difficulty of requirements elicitation;15;148
1742;Misunderstanding (overall);0;161
1742;Validation of requirements becomes difficult;1;177
1742;Increased difficulty of requirements elicitation;14;148
1742;Inefficient development;6;153
1742;Budget overrun;9;129
1744;Inefficient development;4;153
1753;Misunderstanding (overall);12;161
1753;Time overrun;9;174
1753;Conflicts with the customer;11;130
1753;Customer dissatisfaction;13;133
1753;Incomplete requirements;4;144
1756;Solution becomes difficult to maintain;0;171
1756;Difficulties in project management;1;141
1756;Increased difficulty of requirements elicitation;12;148
1756;Increased communication;10;145
1759;Inefficient development;12;153
1759;Poor documentation of requirements;3;166
1759;Implementation of irrelevant requirements;14;143
1759;Poor (system) design quality;15;164
1759;Incomplete requirements;5;144
1761;Increased communication;16;145
1761;Overall demotivation;13;163
1761;Difficulties in project management;12;141
1762;Conflicts within the team;4;132
1762;Difficulties in project management;9;141
1763;Wrong estimates;4;179
1763;Poor product quality;3;167
1763;Difficulties in project management;15;141
1763;Poor product quality;2;167
1804;Inefficient development;5;153
1804;Difficulties in project management;18;141
1804;Budget overrun;18;129
1804;Time overrun;13;174
1804;Missing traceability;8;160
1804;Effort overrun;4;142
1805;Difficulties in project management;0;141
1805;Inefficient development;4;153
1805;Poor product quality;5;167
1805;Overall demotivation;9;163
1805;Increased difficulty of impact analyses;18;147
1810;Overall demotivation;1;163
1810;Conflicts within the team;12;132
1810;Misunderstanding (overall);17;161
1810;Increased difficulty of requirements elicitation;5;148
1810;Inefficient development;4;153
1812;Decreased user acceptance;13;138
1812;Inefficient development;16;153
1812;Rework;17;170
1812;Customer dissatisfaction;14;133
1812;Budget overrun;4;129
1820;Effort overrun;1;142
1820;Difficulties in project management;9;141
1820;Budget overrun;11;129
1820;Difficulties in project management;8;141
1828;Poor (system) design quality;5;164
1828;Inefficient development;15;153
1828;Increased difficulty of requirements elicitation;17;148
1828;Time overrun;0;174
1828;Poor (system) design quality;4;164
1831;Poor communication;0;165
1831;Misunderstanding (overall);15;161
1840;Time overrun;9;174
1840;Increased maintenance costs;13;149
1840;Conflicts within the team;1;132
1842;Customer dissatisfaction;13;133
1842;Poor product quality;17;167
1842;Customer dissatisfaction;18;133
1842;Untestable requirements;14;176
1842;Customer dissatisfaction;6;133
1844;Increased complexity in RE;0;146
1844;Misunderstanding (overall);12;161
1844;Decreased manageability;13;136
1844;Difficulties in project management;0;141
1844;Poor product quality;6;167
1849;Difficulties in project management;0;141
1849;Increased maintenance costs;13;149
1849;Customer dissatisfaction;4;133
1849;Incomplete requirements;14;144
1849;Implementation of irrelevant requirements;15;143
1894;Poor product quality;13;167
1894;Poor requirements quality (general);4;168
1894;Time overrun;9;174
1894;Increased maintenance costs;1;149
1894;Decreased efficiency (overall);10;135
1896;Poor requirements quality (general);10;168
1896;Increased difficulty of requirements elicitation;15;148
1896;Customer dissatisfaction;0;133
1896;Implementation of irrelevant requirements;14;143
1896;Time overrun;9;174
1909;Difficulties in project management;4;141
1909;Overall demotivation;3;163
1909;Overall demotivation;13;163
1909;Overall demotivation;14;163
1909;Difficulties in project management;9;141
1911;Effort overrun;5;142
1911;Difficulties in project management;13;141
1911;Customer dissatisfaction;11;133
1911;Budget overrun;16;129
1911;Difficulties in project management;18;141
1917;Difficulties in project management;14;141
1917;Difficulties in project management;13;141
1918;Difficulties in project management;1;141
1918;Difficulties in project management;9;141
1918;Inefficient development;13;153
1918;Poor product quality;4;167
1918;Conflicts within the team;10;132
1923;Poor requirements quality (general);17;168
1923;Poor (system) design quality;13;164
1923;Inefficient development;4;153
1923;Time overrun;9;174
1929;Poor product quality;13;167
1931;Validation of requirements becomes difficult;18;177
1931;Effort overrun;4;142
1932;Inefficient development;4;153
1932;Inefficient development;15;153
1932;Effort overrun;14;142
1933;Inefficient development;4;153
1933;Implementation of irrelevant requirements;11;143
1933;Inefficient development;6;153
1933;Customer dissatisfaction;5;133
1933;Solution becomes more complex;8;172
1941;Overall demotivation;3;163
1941;Effort overrun;14;142
1941;Poor requirements quality (general);12;168
1941;Poor product quality;13;167
1961;Time overrun;15;174
1961;Difficulties in project management;0;141
1961;Inefficient development;4;153
1961;Time overrun;1;174
1962;Poor product quality;4;167
1962;Effort overrun;12;142
1962;Increased number of failures / bugs;15;151
1962;Lack of innovation;10;155
1962;Time overrun;13;174
1965;Effort overrun;13;142
1965;Poor product quality;13;167
1965;Overall demotivation;0;163
1965;Effort overrun;1;142
1965;Effort overrun;9;142
1965;Decreased test efficiency;13;137
1965;Difficulties in project management;4;141
1969;Customer dissatisfaction;4;133
1969;Time overrun;1;174
1969;Poor requirements quality (general);10;168
1969;Implementation of irrelevant requirements;3;143
1969;Implementation of irrelevant requirements;0;143
